init_node,term_node,length,speed
1,290,0.33019999999998983,5.0
1,307,0.33019999999998983,5.0
1,316,0.33019999999998983,5.0
2,302,0.5080000000000102,5.0
2,304,0.5080000000000102,5.0
3,301,0.33019999999998983,5.0
3,306,0.33019999999998983,5.0
4,301,0.33019999999998983,5.0
4,306,0.33019999999998983,5.0
5,298,0.1524,5.0
5,299,0.1524,5.0
5,310,0.33019999999998983,5.0
6,424,0.253999999999999,5.0
6,425,0.253999999999999,5.0
6,456,0.253999999999999,5.0
7,274,0.20320000000000102,5.0
7,281,0.20320000000000102,5.0
7,283,0.20320000000000102,5.0
8,272,0.20320000000000102,5.0
8,456,0.20320000000000102,5.0
8,474,0.20320000000000102,5.0
8,480,0.20320000000000102,5.0
9,277,0.1524,5.0
10,205,0.12700000000000103,5.0
10,206,0.12700000000000103,5.0
10,214,0.12700000000000103,5.0
11,206,0.20320000000000102,5.0
11,207,0.20320000000000102,5.0
12,210,0.253999999999999,5.0
12,217,0.253999999999999,5.0
12,222,0.253999999999999,5.0
13,208,0.20320000000000102,5.0
13,211,0.20320000000000102,5.0
13,224,0.20320000000000102,5.0
14,244,0.17779999999999901,5.0
15,228,0.253999999999999,5.0
15,533,0.253999999999999,5.0
15,538,0.253999999999999,5.0
16,601,0.3048,5.0
16,602,0.3048,5.0
17,597,0.20320000000000102,5.0
17,608,0.20320000000000102,5.0
17,621,0.20320000000000102,5.0
18,914,0.27940000000000104,5.0
18,937,0.27940000000000104,5.0
18,938,0.27940000000000104,5.0
18,946,0.27940000000000104,5.0
19,617,0.253999999999999,5.0
19,919,0.253999999999999,5.0
19,931,0.253999999999999,5.0
20,916,0.22860000000000003,5.0
21,915,0.1524,5.0
21,943,0.1524,5.0
22,831,0.3556000000000102,5.0
23,823,0.33019999999998983,5.0
23,835,0.33019999999998983,5.0
23,836,0.33019999999998983,5.0
23,839,0.33019999999998983,5.0
24,827,0.3556000000000102,5.0
24,838,0.3556000000000102,5.0
24,855,0.3556000000000102,5.0
25,821,0.381,5.0
25,841,0.381,5.0
25,849,0.381,5.0
26,322,0.20320000000000102,5.0
26,844,0.20320000000000102,5.0
26,851,0.20320000000000102,5.0
27,317,0.20320000000000102,5.0
27,333,0.20320000000000102,5.0
27,824,0.20320000000000102,5.0
27,832,0.20320000000000102,5.0
28,328,0.20320000000000102,5.0
28,339,0.20320000000000102,5.0
28,825,0.20320000000000102,5.0
29,325,0.22860000000000003,5.0
29,331,0.22860000000000003,5.0
30,286,0.20320000000000102,5.0
30,340,0.20320000000000102,5.0
31,366,0.18796000000000104,5.0
31,405,0.18796000000000104,5.0
31,448,0.18796000000000104,5.0
31,779,0.18796000000000104,5.0
32,287,0.20320000000000102,5.0
32,347,0.20320000000000102,5.0
32,355,0.20320000000000102,5.0
32,356,0.20320000000000102,5.0
33,255,0.33019999999998983,5.0
33,858,0.33019999999998983,5.0
33,961,0.33019999999998983,5.0
33,963,0.33019999999998983,5.0
34,870,0.27940000000000104,5.0
34,962,0.27940000000000104,5.0
34,964,0.27940000000000104,5.0
34,967,0.27940000000000104,5.0
35,758,0.22860000000000003,5.0
35,760,0.22860000000000003,5.0
35,869,0.22860000000000003,5.0
35,966,0.22860000000000003,5.0
36,763,0.18796000000000104,5.0
36,764,0.18796000000000104,5.0
36,767,0.18796000000000104,5.0
36,788,0.18796000000000104,5.0
36,796,0.18796000000000104,5.0
37,349,0.21336,5.0
37,393,0.21336,5.0
37,458,0.21336,5.0
37,459,0.21336,5.0
37,803,0.21336,5.0
38,255,0.238759999999999,5.0
38,262,0.238759999999999,5.0
38,267,0.238759999999999,5.0
39,254,0.253999999999999,5.0
39,873,0.253999999999999,5.0
39,880,0.253999999999999,5.0
39,881,0.253999999999999,5.0
40,633,0.33019999999998983,5.0
40,883,0.33019999999998983,5.0
41,761,0.27940000000000104,5.0
41,866,0.27940000000000104,5.0
41,875,0.27940000000000104,5.0
41,885,0.27940000000000104,5.0
42,666,0.20320000000000102,5.0
42,676,0.20320000000000102,5.0
42,679,0.20320000000000102,5.0
42,687,0.20320000000000102,5.0
43,668,0.17779999999999901,5.0
43,688,0.17779999999999901,5.0
43,689,0.17779999999999901,5.0
43,696,0.17779999999999901,5.0
43,722,0.17779999999999901,5.0
44,450,0.20320000000000102,5.0
44,455,0.20320000000000102,5.0
44,473,0.20320000000000102,5.0
44,503,0.20320000000000102,5.0
45,522,0.20320000000000102,5.0
45,530,0.20320000000000102,5.0
45,551,0.20320000000000102,5.0
45,555,0.20320000000000102,5.0
46,262,0.33019999999998983,5.0
46,263,0.33019999999998983,5.0
47,264,0.20320000000000102,5.0
47,887,0.20320000000000102,5.0
48,261,0.22860000000000003,5.0
48,890,0.22860000000000003,5.0
49,625,0.22860000000000003,5.0
49,646,0.22860000000000003,5.0
50,623,0.1524,5.0
50,652,0.1524,5.0
50,700,0.1524,5.0
51,655,0.17779999999999901,5.0
51,702,0.17779999999999901,5.0
51,706,0.17779999999999901,5.0
51,710,0.17779999999999901,5.0
52,640,0.16255999999999898,5.0
52,659,0.16255999999999898,5.0
52,699,0.16255999999999898,5.0
52,714,0.16255999999999898,5.0
53,525,0.1524,5.0
53,585,0.1524,5.0
53,664,0.1524,5.0
54,979,0.253999999999999,5.0
55,251,0.193039999999999,5.0
55,891,0.193039999999999,5.0
55,979,0.193039999999999,5.0
56,889,0.1524,5.0
57,889,0.16255999999999898,5.0
57,992,0.16255999999999898,5.0
57,1003,0.16255999999999898,5.0
58,627,0.16255999999999898,5.0
58,888,0.16255999999999898,5.0
59,889,0.1524,5.0
59,986,0.1524,5.0
60,893,0.12700000000000103,5.0
60,896,0.12700000000000103,5.0
60,900,0.12700000000000103,5.0
61,624,0.17779999999999901,5.0
61,630,0.17779999999999901,5.0
61,642,0.17779999999999901,5.0
62,629,0.20320000000000102,5.0
62,637,0.20320000000000102,5.0
62,653,0.20320000000000102,5.0
63,902,0.16255999999999898,5.0
63,908,0.16255999999999898,5.0
63,947,0.16255999999999898,5.0
64,632,0.22860000000000003,5.0
64,923,0.22860000000000003,5.0
64,925,0.22860000000000003,5.0
65,921,0.26416000000000106,5.0
65,926,0.26416000000000106,5.0
65,936,0.26416000000000106,5.0
66,998,0.17779999999999901,5.0
67,994,0.253999999999999,5.0
67,995,0.253999999999999,5.0
67,996,0.253999999999999,5.0
68,986,0.28956,5.0
68,1002,0.28956,5.0
68,1003,0.28956,5.0
69,982,0.17779999999999901,5.0
69,985,0.17779999999999901,5.0
70,904,0.253999999999999,5.0
70,959,0.253999999999999,5.0
70,960,0.253999999999999,5.0
70,983,0.253999999999999,5.0
71,949,0.253999999999999,5.0
71,958,0.253999999999999,5.0
71,985,0.253999999999999,5.0
72,951,0.27940000000000104,5.0
72,957,0.27940000000000104,5.0
73,928,0.17779999999999901,5.0
73,940,0.17779999999999901,5.0
74,313,0.253999999999999,5.0
74,322,0.253999999999999,5.0
74,842,0.253999999999999,5.0
74,321,0.253999999999999,5.0
74,1020,0.253999999999999,5.0
75,848,0.253999999999999,5.0
75,849,0.253999999999999,5.0
76,304,0.253999999999999,5.0
76,849,0.253999999999999,5.0
76,322,0.253999999999999,5.0
77,849,0.253999999999999,5.0
77,322,0.253999999999999,5.0
78,848,0.253999999999999,5.0
78,839,0.253999999999999,5.0
79,304,0.253999999999999,5.0
79,313,0.253999999999999,5.0
80,304,0.253999999999999,5.0
80,313,0.253999999999999,5.0
81,848,0.253999999999999,5.0
81,322,0.253999999999999,5.0
81,247,0.253999999999999,5.0
82,848,0.253999999999999,5.0
82,247,0.253999999999999,5.0
82,322,0.253999999999999,5.0
83,848,0.253999999999999,5.0
83,247,0.253999999999999,5.0
83,322,0.253999999999999,5.0
84,313,0.253999999999999,5.0
85,304,0.253999999999999,5.0
85,849,0.253999999999999,5.0
85,322,0.253999999999999,5.0
85,313,0.253999999999999,5.0
86,849,0.253999999999999,5.0
86,322,0.253999999999999,5.0
86,313,0.253999999999999,5.0
87,322,0.253999999999999,5.0
87,849,0.253999999999999,5.0
88,322,0.253999999999999,5.0
88,313,0.253999999999999,5.0
89,313,0.253999999999999,5.0
90,304,0.253999999999999,5.0
90,322,0.253999999999999,5.0
90,321,0.253999999999999,5.0
90,313,0.253999999999999,5.0
91,1010,0.253999999999999,5.0
91,954,0.253999999999999,5.0
91,1005,0.253999999999999,5.0
92,1006,0.253999999999999,5.0
92,1005,0.253999999999999,5.0
93,1006,0.253999999999999,5.0
93,1005,0.253999999999999,5.0
94,263,0.253999999999999,5.0
94,999,0.253999999999999,5.0
95,988,0.253999999999999,5.0
96,1005,0.253999999999999,5.0
96,1006,0.253999999999999,5.0
97,999,0.253999999999999,5.0
98,1009,0.253999999999999,5.0
99,1006,0.253999999999999,5.0
99,1005,0.253999999999999,5.0
100,1006,0.253999999999999,5.0
100,1007,0.253999999999999,5.0
101,263,0.253999999999999,5.0
102,1009,0.253999999999999,5.0
103,849,0.253999999999999,5.0
104,849,0.253999999999999,5.0
105,313,0.253999999999999,5.0
106,849,0.253999999999999,5.0
107,849,0.253999999999999,5.0
107,313,0.253999999999999,5.0
108,849,0.253999999999999,5.0
109,849,0.253999999999999,5.0
110,999,0.253999999999999,5.0
201,456,0.3048,5.0
202,204,0.05689600000000102,5.0
203,456,0.05689600000000102,5.0
204,203,0.05283199999999899,5.0
205,206,0.08128000000000102,5.0
205,214,0.13062857142857187,5.0
205,215,0.15675428571428443,5.0
205,10,0.12700000000000103,5.0
206,213,0.06096000000000001,5.0
206,10,0.12700000000000103,5.0
206,11,0.20320000000000102,5.0
206,486,0.08128000000000102,5.0
207,201,0.237744,5.0
207,209,0.073152,5.0
207,215,0.12540342857142814,5.0
207,11,0.20320000000000102,5.0
208,209,0.3239588571428441,5.0
208,211,0.292608,5.0
208,273,0.06908800000000102,5.0
208,277,0.20900571428571563,5.0
208,13,0.20320000000000102,5.0
209,207,0.073152,5.0
209,208,0.3239588571428441,5.0
210,211,0.174751999999999,5.0
210,212,0.17068800000000003,5.0
210,12,0.253999999999999,5.0
210,469,0.20320000000000102,5.0
211,208,0.292608,5.0
211,210,0.174751999999999,5.0
211,233,0.146304,5.0
211,237,0.08882742857142814,5.0
211,13,0.20320000000000102,5.0
212,209,0.17068800000000003,5.0
213,214,0.06096000000000001,5.0
213,454,0.09753600000000001,5.0
214,205,0.13062857142857187,5.0
214,10,0.12700000000000103,5.0
214,468,0.08940799999999899,5.0
214,475,0.0992777142857156,5.0
215,205,0.15675428571428443,5.0
215,207,0.12540342857142814,5.0
216,217,0.052251428571428137,5.0
216,221,0.08534400000000002,5.0
216,224,0.16197942857142816,5.0
217,216,0.052251428571428137,5.0
217,220,0.04702628571428441,5.0
217,222,0.036576,5.0
217,223,0.05747657142857187,5.0
217,12,0.253999999999999,5.0
218,210,0.128016,5.0
219,222,0.08128000000000102,5.0
219,223,0.05747657142857187,5.0
220,221,0.052251428571428137,5.0
221,218,0.12192000000000001,5.0
221,230,0.18288000000000001,5.0
222,217,0.036576,5.0
222,225,0.04702628571428441,5.0
222,12,0.253999999999999,5.0
223,217,0.05747657142857187,5.0
223,220,0.06792685714285628,5.0
224,216,0.16197942857142816,5.0
224,228,0.7158445714285627,5.0
224,230,0.07837714285714373,5.0
224,13,0.20320000000000102,5.0
225,222,0.04702628571428441,5.0
225,228,0.18810514285714375,5.0
225,234,0.109728,5.0
226,235,0.10450285714285627,5.0
226,238,0.219456,5.0
226,539,0.16255999999999898,5.0
227,229,0.36576000000000003,5.0
227,236,0.09405257142857187,5.0
227,603,0.219456,5.0
228,225,0.18810514285714375,5.0
228,227,0.15675428571428443,5.0
228,235,0.10450285714285627,5.0
228,15,0.253999999999999,5.0
229,227,0.36576000000000003,5.0
229,232,0.4348480000000102,5.0
229,597,0.284479999999999,5.0
230,224,0.07837714285714373,5.0
230,231,0.08360228571428442,5.0
231,230,0.08360228571428442,5.0
231,237,0.04702628571428441,5.0
232,229,0.4348480000000102,5.0
232,231,0.0992777142857156,5.0
232,233,0.036576,5.0
233,211,0.146304,5.0
233,232,0.036576,5.0
233,243,0.13062857142857187,5.0
234,533,0.06908800000000102,5.0
235,226,0.10450285714285627,5.0
235,228,0.10450285714285627,5.0
235,236,0.073152,5.0
236,226,0.06792685714285628,5.0
236,227,0.09405257142857187,5.0
236,602,0.20900571428571563,5.0
237,211,0.08882742857142814,5.0
237,231,0.04702628571428441,5.0
237,233,0.07837714285714373,5.0
238,234,0.036576,5.0
238,235,0.2821577142857156,5.0
238,242,0.10159999999999898,5.0
239,240,0.073152,5.0
239,576,0.05283199999999899,5.0
240,241,0.09144000000000001,5.0
240,242,0.10363200000000002,5.0
241,538,0.06502399999999899,5.0
241,574,0.0284479999999999,5.0
242,238,0.10159999999999898,5.0
242,239,0.05283199999999899,5.0
242,240,0.10363200000000002,5.0
242,533,0.07837714285714373,5.0
243,232,0.13062857142857187,5.0
243,244,0.12192000000000001,5.0
244,243,0.12192000000000001,5.0
244,245,0.146304,5.0
244,246,0.34543999999998987,5.0
244,14,0.17779999999999901,5.0
245,244,0.146304,5.0
246,244,0.34543999999998987,5.0
247,81,0.253999999999999,5.0
247,82,0.253999999999999,5.0
247,83,0.253999999999999,5.0
247,248,0.6823880597015067,5.0
248,247,0.6823880597015067,5.0
248,249,0.13647761194029828,5.0
248,1009,0.7369791044776138,5.0
249,248,0.13647761194029828,5.0
249,831,0.8734567164178969,5.0
250,255,0.219456,5.0
250,853,0.23513142857142816,5.0
250,1009,1.3647761194029828,5.0
251,268,0.12192000000000001,5.0
251,891,0.036576,5.0
251,55,0.193039999999999,5.0
252,257,0.2873828571428563,5.0
252,263,0.31350857142856275,5.0
252,268,0.48768000000000006,5.0
253,255,0.1672045714285719,5.0
253,262,0.33963428571428134,5.0
253,266,0.36576000000000003,5.0
254,256,0.36576000000000003,5.0
254,267,0.6096,5.0
254,887,0.54864,5.0
254,39,0.253999999999999,5.0
255,250,0.219456,5.0
255,253,0.1672045714285719,5.0
255,881,0.9405257142857187,5.0
255,33,0.33019999999998983,5.0
255,38,0.238759999999999,5.0
256,254,0.36576000000000003,5.0
256,264,0.36576000000000003,5.0
256,266,0.7315200000000001,5.0
257,252,0.2873828571428563,5.0
257,269,0.24384000000000003,5.0
257,979,0.20900571428571563,5.0
258,259,0.09144000000000001,5.0
258,887,0.27432,5.0
259,258,0.09144000000000001,5.0
259,260,0.42672,5.0
259,265,0.18288000000000001,5.0
259,1019,0.24384000000000003,5.0
260,259,0.42672,5.0
260,646,0.9144000000000001,5.0
260,898,0.27432,5.0
261,887,0.6400800000000001,5.0
261,48,0.22860000000000003,5.0
262,253,0.33963428571428134,5.0
262,263,0.49638857142856274,5.0
262,38,0.238759999999999,5.0
262,46,0.33019999999998983,5.0
263,94,0.253999999999999,5.0
263,101,0.253999999999999,5.0
263,252,0.31350857142856275,5.0
263,262,0.49638857142856274,5.0
263,46,0.33019999999998983,5.0
263,979,0.3684895522388069,5.0
264,256,0.36576000000000003,5.0
264,265,0.12192000000000001,5.0
264,891,0.3048,5.0
264,47,0.20320000000000102,5.0
265,258,0.50292,5.0
265,259,0.18288000000000001,5.0
265,264,0.12192000000000001,5.0
266,255,0.41148000000000007,5.0
266,256,0.7315200000000001,5.0
267,254,0.6096,5.0
267,871,0.1524,5.0
267,879,0.6096,5.0
267,38,0.238759999999999,5.0
268,251,0.12192000000000001,5.0
268,252,0.48768000000000006,5.0
268,269,0.36576000000000003,5.0
269,257,0.24384000000000003,5.0
269,268,0.36576000000000003,5.0
269,889,0.54864,5.0
270,271,0.08882742857142814,5.0
270,288,0.18288000000000001,5.0
270,299,0.20900571428571563,5.0
271,290,0.146304,5.0
271,327,0.26125714285714374,5.0
272,202,0.073152,5.0
272,8,0.20320000000000102,5.0
272,281,0.08534400000000002,5.0
272,285,0.08128000000000102,5.0
273,208,0.06908800000000102,5.0
273,277,0.12192000000000001,5.0
273,278,0.3814354285714373,5.0
274,7,0.20320000000000102,5.0
274,280,0.06096000000000001,5.0
274,282,0.08128000000000102,5.0
274,360,0.073152,5.0
274,433,0.07837714285714373,5.0
275,284,0.15675428571428443,5.0
275,295,0.3048,5.0
276,290,0.073152,5.0
276,314,0.109728,5.0
277,273,0.12192000000000001,5.0
277,285,0.12192000000000001,5.0
277,9,0.1524,5.0
278,273,0.3814354285714373,5.0
278,292,0.20320000000000102,5.0
278,310,0.46735999999998984,5.0
279,282,0.10566400000000102,5.0
279,288,0.08128000000000102,5.0
279,428,0.11495314285714374,5.0
280,274,0.06096000000000001,5.0
280,283,0.08128000000000102,5.0
281,202,0.09405257142857187,5.0
281,7,0.20320000000000102,5.0
281,272,0.08534400000000002,5.0
281,284,0.08534400000000002,5.0
282,274,0.08128000000000102,5.0
282,279,0.10566400000000102,5.0
282,298,0.07837714285714373,5.0
282,360,0.06096000000000001,5.0
283,7,0.20320000000000102,5.0
283,280,0.08128000000000102,5.0
283,284,0.08128000000000102,5.0
283,437,0.06096000000000001,5.0
284,281,0.08534400000000002,5.0
284,283,0.08128000000000102,5.0
285,272,0.08128000000000102,5.0
285,277,0.12192000000000001,5.0
286,270,0.09144000000000001,5.0
286,326,0.26125714285714374,5.0
286,30,0.20320000000000102,5.0
287,286,0.13716,5.0
287,354,0.109728,5.0
287,32,0.20320000000000102,5.0
288,279,0.08128000000000102,5.0
288,287,0.13716,5.0
289,270,0.036576,5.0
289,354,0.146304,5.0
290,1,0.33019999999998983,5.0
290,276,0.073152,5.0
290,289,0.146304,5.0
291,292,0.26125714285714374,5.0
291,296,0.5747657142857187,5.0
292,291,0.26125714285714374,5.0
292,293,0.08128000000000102,5.0
292,294,0.10450285714285627,5.0
293,275,0.24384000000000003,5.0
293,292,0.08128000000000102,5.0
293,294,0.052251428571428137,5.0
294,283,0.31350857142856275,5.0
294,285,0.18288000000000001,5.0
295,275,0.3048,5.0
295,296,0.36576000000000003,5.0
295,297,0.26125714285714374,5.0
296,291,0.5747657142857187,5.0
296,295,0.36576000000000003,5.0
296,300,0.7837714285714373,5.0
297,295,0.26125714285714374,5.0
297,298,0.07837714285714373,5.0
297,299,0.16255999999999898,5.0
298,5,0.1524,5.0
298,274,0.10450285714285627,5.0
298,297,0.07837714285714373,5.0
299,5,0.1524,5.0
299,288,0.20900571428571563,5.0
299,297,0.16255999999999898,5.0
299,300,0.3048,5.0
300,296,0.7837714285714373,5.0
300,299,0.3048,5.0
300,316,0.85344,5.0
301,3,0.33019999999998983,5.0
301,4,0.33019999999998983,5.0
301,302,0.384048,5.0
301,306,0.38770560000000004,5.0
302,2,0.5080000000000102,5.0
302,301,0.384048,5.0
302,303,1.060704,5.0
302,304,0.9875520000000001,5.0
303,302,1.060704,5.0
303,304,0.36576000000000003,5.0
304,2,0.5080000000000102,5.0
304,76,0.253999999999999,5.0
304,79,0.253999999999999,5.0
304,80,0.253999999999999,5.0
304,85,0.253999999999999,5.0
304,90,0.253999999999999,5.0
304,302,0.9875520000000001,5.0
304,303,0.36576000000000003,5.0
304,1020,0.6096,5.0
305,312,0.05541818181818126,5.0
305,313,0.08128000000000102,5.0
305,321,0.11083636363636253,5.0
306,3,0.33019999999998983,5.0
306,4,0.33019999999998983,5.0
306,301,0.38770560000000004,5.0
306,308,0.32918400000000003,5.0
306,310,0.22351999999999897,5.0
306,1020,0.3048,5.0
307,1,0.33019999999998983,5.0
307,308,0.073152,5.0
307,311,0.04063999999999899,5.0
307,312,0.16255999999999898,5.0
308,306,0.32918400000000003,5.0
308,307,0.073152,5.0
308,309,0.15675428571428443,5.0
309,308,0.15675428571428443,5.0
309,310,0.6113417142857187,5.0
309,311,0.4702628571428441,5.0
310,5,0.33019999999998983,5.0
310,278,0.627797014925369,5.0
310,306,0.22351999999999897,5.0
310,309,0.6113417142857187,5.0
311,307,0.04063999999999899,5.0
311,309,0.4702628571428441,5.0
311,316,0.13062857142857187,5.0
312,305,0.05541818181818126,5.0
312,307,0.16255999999999898,5.0
312,315,0.08128000000000102,5.0
313,74,0.253999999999999,5.0
313,79,0.253999999999999,5.0
313,80,0.253999999999999,5.0
313,84,0.253999999999999,5.0
313,85,0.253999999999999,5.0
313,86,0.253999999999999,5.0
313,88,0.253999999999999,5.0
313,89,0.253999999999999,5.0
313,90,0.253999999999999,5.0
313,105,0.253999999999999,5.0
313,107,0.253999999999999,5.0
313,305,0.08128000000000102,5.0
313,312,0.08128000000000102,5.0
313,315,0.073152,5.0
314,276,0.109728,5.0
314,315,0.16459200000000002,5.0
314,316,0.31350857142856275,5.0
315,305,0.06096000000000001,5.0
315,312,0.08128000000000102,5.0
315,313,0.073152,5.0
315,314,0.16459200000000002,5.0
316,1,0.33019999999998983,5.0
316,300,0.85344,5.0
316,311,0.13062857142857187,5.0
316,314,0.31350857142856275,5.0
317,319,0.09144000000000001,5.0
317,333,0.06096000000000001,5.0
317,841,0.06908800000000102,5.0
317,27,0.20320000000000102,5.0
318,332,0.08128000000000102,5.0
318,334,0.31350857142856275,5.0
319,317,0.09144000000000001,5.0
319,321,0.16625454545454685,5.0
319,334,0.052251428571428137,5.0
320,329,0.10566400000000102,5.0
320,340,0.15849600000000003,5.0
321,74,0.253999999999999,5.0
321,90,0.253999999999999,5.0
321,305,0.11083636363636253,5.0
321,319,0.16625454545454685,5.0
321,335,0.09144000000000001,5.0
322,74,0.253999999999999,5.0
322,76,0.253999999999999,5.0
322,77,0.253999999999999,5.0
322,81,0.253999999999999,5.0
322,82,0.253999999999999,5.0
322,83,0.253999999999999,5.0
322,85,0.253999999999999,5.0
322,86,0.253999999999999,5.0
322,87,0.253999999999999,5.0
322,88,0.253999999999999,5.0
322,90,0.253999999999999,5.0
322,318,0.04702628571428441,5.0
322,335,0.6270171428571559,5.0
322,844,0.1524,5.0
322,26,0.20320000000000102,5.0
323,320,0.22351999999999897,5.0
323,324,0.04063999999999899,5.0
323,833,0.256032,5.0
324,323,0.04063999999999899,5.0
324,333,0.08128000000000102,5.0
325,323,0.420624,5.0
325,326,0.27693257142857186,5.0
325,334,0.31350857142856275,5.0
325,29,0.22860000000000003,5.0
325,340,0.36576000000000003,5.0
326,286,0.26125714285714374,5.0
326,325,0.27693257142857186,5.0
326,327,0.15675428571428443,5.0
327,276,0.12598399999999899,5.0
327,290,0.10159999999999898,5.0
327,331,0.2873828571428563,5.0
328,320,0.109728,5.0
328,330,0.15675428571428443,5.0
328,28,0.20320000000000102,5.0
328,1014,0.22468114285714375,5.0
329,328,0.219456,5.0
329,339,0.06096000000000001,5.0
330,323,0.27432,5.0
330,833,0.07837714285714373,5.0
331,327,0.2873828571428563,5.0
331,335,0.20900571428571563,5.0
331,29,0.22860000000000003,5.0
332,333,0.24384000000000003,5.0
332,851,0.15675428571428443,5.0
333,317,0.06096000000000001,5.0
333,324,0.08128000000000102,5.0
333,332,0.24384000000000003,5.0
333,27,0.20320000000000102,5.0
334,319,0.052251428571428137,5.0
334,325,0.31350857142856275,5.0
334,332,0.20900571428571563,5.0
335,321,0.09144000000000001,5.0
335,322,0.6270171428571559,5.0
335,331,0.20900571428571563,5.0
336,758,0.19507200000000002,5.0
336,834,0.18288000000000001,5.0
336,1016,0.08128000000000102,5.0
336,1017,0.073152,5.0
337,336,0.10566400000000102,5.0
337,1015,0.17242971428571563,5.0
338,337,0.05283199999999899,5.0
338,364,0.05747657142857187,5.0
338,448,0.18288000000000001,5.0
339,329,0.06096000000000001,5.0
339,350,0.109728,5.0
339,367,0.109728,5.0
339,448,0.13062857142857187,5.0
339,28,0.20320000000000102,5.0
339,1014,0.0987552,5.0
340,325,0.3251200000000102,5.0
340,351,0.09405257142857187,5.0
340,352,0.12192000000000001,5.0
340,30,0.20320000000000102,5.0
340,399,0.073152,5.0
341,346,0.04470400000000102,5.0
342,382,0.025603200000000003,5.0
342,408,0.05689600000000102,5.0
343,404,0.05689600000000102,5.0
343,785,0.051206400000000006,5.0
344,378,0.05689600000000102,5.0
344,383,0.05283199999999899,5.0
345,354,0.06792685714285628,5.0
345,355,0.051206400000000006,5.0
345,387,0.06096000000000001,5.0
346,326,0.219456,5.0
346,353,0.06096000000000001,5.0
347,371,0.05689600000000102,5.0
347,399,0.14224000000000103,5.0
347,32,0.20320000000000102,5.0
347,446,0.06096000000000001,5.0
348,389,0.05283199999999899,5.0
348,444,0.05283199999999899,5.0
349,392,0.05283199999999899,5.0
349,395,0.05283199999999899,5.0
349,37,0.21336,5.0
350,329,0.06096000000000001,5.0
350,339,0.109728,5.0
350,351,0.08882742857142814,5.0
351,340,0.09405257142857187,5.0
351,350,0.08882742857142814,5.0
351,398,0.11379199999999899,5.0
352,341,0.05689600000000102,5.0
352,377,0.11379199999999899,5.0
353,287,0.06096000000000001,5.0
354,345,0.0475488,5.0
354,425,0.06096000000000001,5.0
355,345,0.073152,5.0
355,356,0.0475488,5.0
355,358,0.06096000000000001,5.0
355,32,0.20320000000000102,5.0
356,355,0.06792685714285628,5.0
356,417,0.06096000000000001,5.0
356,423,0.051206400000000006,5.0
356,32,0.20320000000000102,5.0
357,345,0.06096000000000001,5.0
357,425,0.05283199999999899,5.0
358,357,0.05689600000000102,5.0
358,429,0.05283199999999899,5.0
359,356,0.06096000000000001,5.0
359,358,0.05283199999999899,5.0
360,357,0.048768000000000006,5.0
360,428,0.073152,5.0
360,435,0.07837714285714373,5.0
361,359,0.05283199999999899,5.0
361,430,0.05689600000000102,5.0
362,432,0.07837714285714373,5.0
362,434,0.073152,5.0
362,438,0.05283199999999899,5.0
363,440,0.073152,5.0
364,338,0.05747657142857187,5.0
364,758,0.08882742857142814,5.0
364,779,0.10159999999999898,5.0
365,338,0.077215999999999,5.0
365,368,0.05283199999999899,5.0
365,448,0.08128000000000102,5.0
366,338,0.08940799999999899,5.0
366,365,0.06502399999999899,5.0
366,369,0.06792685714285628,5.0
366,31,0.18796000000000104,5.0
367,365,0.08128000000000102,5.0
367,368,0.05689600000000102,5.0
368,369,0.05283199999999899,5.0
368,400,0.109728,5.0
369,768,0.05689600000000102,5.0
370,367,0.109728,5.0
370,400,0.05689600000000102,5.0
371,398,0.05283199999999899,5.0
371,399,0.146304,5.0
372,371,0.073152,5.0
372,374,0.05689600000000102,5.0
373,370,0.05283199999999899,5.0
373,372,0.06792685714285628,5.0
374,347,0.05689600000000102,5.0
374,446,0.020320000000000102,5.0
375,373,0.05689600000000102,5.0
375,374,0.05283199999999899,5.0
376,375,0.05689600000000102,5.0
376,381,0.05283199999999899,5.0
377,378,0.05283199999999899,5.0
377,383,0.05689600000000102,5.0
378,347,0.05283199999999899,5.0
378,379,0.05689600000000102,5.0
379,380,0.05283199999999899,5.0
379,384,0.05689600000000102,5.0
380,381,0.05689600000000102,5.0
380,447,0.020320000000000102,5.0
381,405,0.05689600000000102,5.0
381,407,0.05689600000000102,5.0
381,447,0.06096000000000001,5.0
382,405,0.06096000000000001,5.0
382,406,0.025603200000000003,5.0
383,341,0.11379199999999899,5.0
383,409,0.05283199999999899,5.0
384,344,0.05689600000000102,5.0
384,411,0.05283199999999899,5.0
385,380,0.05689600000000102,5.0
385,384,0.05283199999999899,5.0
386,353,0.11379199999999899,5.0
386,354,0.06096000000000001,5.0
387,386,0.05283199999999899,5.0
387,410,0.05689600000000102,5.0
388,343,0.05283199999999899,5.0
388,442,0.05283199999999899,5.0
389,388,0.05689600000000102,5.0
389,801,0.05689600000000102,5.0
390,382,0.05689600000000102,5.0
390,391,0.0162559999999999,5.0
391,342,0.05283199999999899,5.0
391,393,0.05283199999999899,5.0
392,390,0.06096000000000001,5.0
392,391,0.05689600000000102,5.0
392,443,0.05689600000000102,5.0
393,394,0.05689600000000102,5.0
393,421,0.05689600000000102,5.0
393,37,0.21336,5.0
394,392,0.05283199999999899,5.0
394,395,0.05283199999999899,5.0
395,396,0.05689600000000102,5.0
395,493,0.05689600000000102,5.0
396,422,0.05283199999999899,5.0
396,464,0.06096000000000001,5.0
397,370,0.05283199999999899,5.0
397,372,0.05283199999999899,5.0
398,397,0.05689600000000102,5.0
398,445,0.06096000000000001,5.0
399,340,0.073152,5.0
399,347,0.18288000000000001,5.0
399,351,0.05689600000000102,5.0
400,401,0.05283199999999899,5.0
400,402,0.05283199999999899,5.0
401,403,0.06792685714285628,5.0
401,808,0.05689600000000102,5.0
402,373,0.073152,5.0
402,376,0.05689600000000102,5.0
403,402,0.06792685714285628,5.0
403,404,0.073152,5.0
404,376,0.05283199999999899,5.0
404,405,0.08360228571428442,5.0
405,381,0.05689600000000102,5.0
405,406,0.06096000000000001,5.0
405,408,0.05747657142857187,5.0
405,31,0.18796000000000104,5.0
406,343,0.0475488,5.0
406,442,0.05283199999999899,5.0
407,385,0.05689600000000102,5.0
407,413,0.05283199999999899,5.0
408,407,0.05283199999999899,5.0
408,414,0.06792685714285628,5.0
409,386,0.05689600000000102,5.0
409,410,0.05283199999999899,5.0
410,344,0.05283199999999899,5.0
410,411,0.05689600000000102,5.0
411,412,0.05283199999999899,5.0
411,416,0.05689600000000102,5.0
412,385,0.05283199999999899,5.0
412,413,0.05689600000000102,5.0
413,414,0.05283199999999899,5.0
413,418,0.05689600000000102,5.0
414,415,0.05689600000000102,5.0
414,419,0.073152,5.0
415,342,0.0475488,5.0
415,393,0.05283199999999899,5.0
416,355,0.06096000000000001,5.0
416,387,0.05689600000000102,5.0
417,412,0.05689600000000102,5.0
417,416,0.05283199999999899,5.0
418,417,0.05689600000000102,5.0
418,423,0.06096000000000001,5.0
419,418,0.05283199999999899,5.0
419,424,0.07837714285714373,5.0
420,415,0.051206400000000006,5.0
420,419,0.05689600000000102,5.0
421,420,0.05283199999999899,5.0
421,474,0.06096000000000001,5.0
422,394,0.05689600000000102,5.0
422,421,0.05689600000000102,5.0
423,356,0.073152,5.0
423,424,0.0475488,5.0
423,426,0.06096000000000001,5.0
424,6,0.253999999999999,5.0
424,423,0.06792685714285628,5.0
424,427,0.07837714285714373,5.0
424,452,0.051206400000000006,5.0
425,6,0.253999999999999,5.0
425,279,0.08128000000000102,5.0
425,428,0.024384000000000003,5.0
426,359,0.05689600000000102,5.0
427,426,0.05283199999999899,5.0
427,431,0.06792685714285628,5.0
428,279,0.11495314285714374,5.0
428,282,0.04470400000000102,5.0
428,360,0.073152,5.0
429,361,0.05283199999999899,5.0
429,435,0.020320000000000102,5.0
430,362,0.05689600000000102,5.0
430,426,0.05283199999999899,5.0
430,431,0.05283199999999899,5.0
431,436,0.073152,5.0
431,449,0.05689600000000102,5.0
432,361,0.036576,5.0
432,435,0.07837714285714373,5.0
433,280,0.06096000000000001,5.0
433,434,0.06792685714285628,5.0
434,362,0.073152,5.0
434,432,0.020320000000000102,5.0
435,360,0.07837714285714373,5.0
435,432,0.07837714285714373,5.0
435,433,0.04063999999999899,5.0
436,362,0.06792685714285628,5.0
436,363,0.06792685714285628,5.0
437,434,0.05283199999999899,5.0
438,439,0.05689600000000102,5.0
439,284,0.06096000000000001,5.0
440,441,0.06792685714285628,5.0
441,281,0.07837714285714373,5.0
442,390,0.04063999999999899,5.0
442,443,0.05689600000000102,5.0
443,389,0.05283199999999899,5.0
443,444,0.05283199999999899,5.0
444,349,0.05689600000000102,5.0
444,504,0.05689600000000102,5.0
445,339,0.048768000000000006,5.0
445,350,0.06096000000000001,5.0
446,347,0.06096000000000001,5.0
446,379,0.0284479999999999,5.0
446,447,0.048768000000000006,5.0
447,375,0.0284479999999999,5.0
447,381,0.06096000000000001,5.0
447,446,0.048768000000000006,5.0
448,338,0.18288000000000001,5.0
448,339,0.13062857142857187,5.0
448,31,0.18796000000000104,5.0
449,477,0.0475488,5.0
449,519,0.05283199999999899,5.0
450,492,5.1816,5.0
450,497,0.05283199999999899,5.0
450,507,0.05689600000000102,5.0
450,44,0.20320000000000102,5.0
451,491,3.9624,5.0
451,495,0.0475488,5.0
452,420,0.054864,5.0
452,424,0.073152,5.0
452,474,0.0475488,5.0
453,459,0.14107885714285628,5.0
453,468,0.0402336,5.0
453,475,0.073152,5.0
454,213,0.09753600000000001,5.0
454,455,0.06949440000000001,5.0
454,475,0.07837714285714373,5.0
454,513,0.06096000000000001,5.0
455,454,0.0992777142857156,5.0
455,471,0.051206400000000006,5.0
455,520,0.054864,5.0
455,44,0.20320000000000102,5.0
456,6,0.253999999999999,5.0
456,8,0.20320000000000102,5.0
456,488,0.0475488,5.0
456,489,0.073152,5.0
457,490,0.073152,5.0
457,507,0.05283199999999899,5.0
457,806,0.05689600000000102,5.0
458,460,0.10566400000000102,5.0
458,505,0.05283199999999899,5.0
458,37,0.21336,5.0
459,453,0.0987552,5.0
459,464,0.06792685714285628,5.0
459,499,0.054864,5.0
459,37,0.21336,5.0
460,348,0.05689600000000102,5.0
460,803,0.051206400000000006,5.0
461,457,0.06908800000000102,5.0
461,508,0.0475488,5.0
462,450,5.486400000000001,5.0
462,498,0.0475488,5.0
463,213,0.08128000000000102,5.0
463,486,0.024384000000000003,5.0
464,459,0.0475488,5.0
464,479,0.06096000000000001,5.0
464,517,0.06792685714285628,5.0
465,480,0.036576,5.0
465,484,0.05689600000000102,5.0
466,459,0.0329184,5.0
466,480,0.048768000000000006,5.0
466,487,0.05283199999999899,5.0
467,349,0.05689600000000102,5.0
467,504,0.051206400000000006,5.0
468,483,0.0475488,5.0
468,487,0.05689600000000102,5.0
469,210,0.20320000000000102,5.0
469,545,0.11495314285714374,5.0
469,547,0.12192000000000001,5.0
470,463,0.05689600000000102,5.0
470,481,0.05689600000000102,5.0
471,455,0.073152,5.0
471,476,0.0475488,5.0
471,515,0.06096000000000001,5.0
472,462,3.9624,5.0
472,509,0.05689600000000102,5.0
473,461,0.05283199999999899,5.0
473,819,0.05689600000000102,5.0
473,44,0.20320000000000102,5.0
474,8,0.20320000000000102,5.0
474,452,0.06792685714285628,5.0
474,478,0.06096000000000001,5.0
474,517,0.051206400000000006,5.0
475,214,0.0992777142857156,5.0
475,453,0.10450285714285627,5.0
475,454,0.054864,5.0
475,512,0.07837714285714373,5.0
476,471,0.06792685714285628,5.0
476,482,0.06096000000000001,5.0
476,568,0.051206400000000006,5.0
477,427,0.05689600000000102,5.0
477,452,0.054864,5.0
478,477,0.05283199999999899,5.0
478,519,0.05283199999999899,5.0
479,465,0.024384000000000003,5.0
479,518,0.05283199999999899,5.0
480,8,0.20320000000000102,5.0
480,465,0.036576,5.0
480,466,0.048768000000000006,5.0
480,479,0.0284479999999999,5.0
481,471,0.06096000000000001,5.0
481,482,0.06792685714285628,5.0
482,485,0.05689600000000102,5.0
482,569,0.073152,5.0
483,205,0.09347200000000101,5.0
484,465,0.05689600000000102,5.0
484,489,0.08128000000000102,5.0
484,518,0.06096000000000001,5.0
485,470,0.05689600000000102,5.0
485,546,0.04063999999999899,5.0
486,469,0.0804672,5.0
486,545,0.04470400000000102,5.0
487,466,0.05283199999999899,5.0
487,483,0.08534400000000002,5.0
488,436,0.073152,5.0
488,449,0.051206400000000006,5.0
489,215,0.48768000000000006,5.0
489,456,0.073152,5.0
489,484,0.08128000000000102,5.0
489,488,0.06792685714285628,5.0
490,458,0.077215999999999,5.0
490,506,0.06792685714285628,5.0
490,805,0.073152,5.0
491,467,3.9624,5.0
491,494,0.06792685714285628,5.0
492,451,6.096,5.0
492,496,0.06792685714285628,5.0
492,506,0.073152,5.0
493,467,0.0475488,5.0
493,494,0.05283199999999899,5.0
494,495,0.05283199999999899,5.0
495,496,0.08128000000000102,5.0
495,511,0.051206400000000006,5.0
496,492,0.06792685714285628,5.0
496,497,0.06502399999999899,5.0
496,512,0.073152,5.0
497,450,0.05283199999999899,5.0
497,498,0.073152,5.0
497,513,0.05689600000000102,5.0
498,500,0.05283199999999899,5.0
498,514,0.051206400000000006,5.0
499,396,0.05689600000000102,5.0
499,493,0.051206400000000006,5.0
500,472,0.05283199999999899,5.0
500,503,0.05283199999999899,5.0
501,473,0.05283199999999899,5.0
501,510,0.05283199999999899,5.0
502,472,3.9624,5.0
502,503,0.05283199999999899,5.0
503,516,0.05689600000000102,5.0
503,566,0.05689600000000102,5.0
503,44,0.20320000000000102,5.0
504,460,0.0475488,5.0
504,505,0.10566400000000102,5.0
505,451,0.051206400000000006,5.0
505,506,0.077215999999999,5.0
506,490,0.06792685714285628,5.0
506,492,0.073152,5.0
506,507,0.06908800000000102,5.0
507,450,0.05689600000000102,5.0
507,457,0.05283199999999899,5.0
507,508,0.06908800000000102,5.0
508,462,0.051206400000000006,5.0
508,509,0.05283199999999899,5.0
509,473,0.05283199999999899,5.0
509,510,0.05283199999999899,5.0
510,502,0.05689600000000102,5.0
510,564,0.05689600000000102,5.0
511,453,0.054864,5.0
511,499,0.10566400000000102,5.0
512,475,0.07837714285714373,5.0
512,496,0.073152,5.0
512,511,0.08128000000000102,5.0
513,454,0.06096000000000001,5.0
513,497,0.05689600000000102,5.0
513,512,0.06502399999999899,5.0
514,455,0.054864,5.0
514,513,0.077215999999999,5.0
515,500,0.05689600000000102,5.0
515,514,0.05283199999999899,5.0
516,476,0.06096000000000001,5.0
516,515,0.05283199999999899,5.0
517,422,0.06096000000000001,5.0
517,464,0.0475488,5.0
517,474,0.073152,5.0
518,478,0.05689600000000102,5.0
518,517,0.06096000000000001,5.0
519,484,0.05689600000000102,5.0
519,489,0.05689600000000102,5.0
520,463,0.051206400000000006,5.0
520,481,0.073152,5.0
521,527,0.06096000000000001,5.0
521,528,0.05689600000000102,5.0
521,551,0.073152,5.0
521,555,0.06502399999999899,5.0
521,682,0.06792685714285628,5.0
522,529,4.2672,5.0
522,551,0.06792685714285628,5.0
522,552,0.06792685714285628,5.0
522,45,0.20320000000000102,5.0
523,530,0.073152,5.0
523,542,0.07837714285714373,5.0
523,553,0.07837714285714373,5.0
523,581,0.0475488,5.0
524,536,0.06502399999999899,5.0
524,657,0.052251428571428137,5.0
524,673,0.06096000000000001,5.0
525,537,0.073152,5.0
525,586,0.06096000000000001,5.0
525,595,0.051206400000000006,5.0
525,53,0.1524,5.0
526,463,0.048768000000000006,5.0
526,470,0.020320000000000102,5.0
527,521,0.06096000000000001,5.0
527,528,0.020320000000000102,5.0
527,716,0.06096000000000001,5.0
528,548,0.05283199999999899,5.0
528,563,0.05283199999999899,5.0
529,549,0.05283199999999899,5.0
529,565,3.9624,5.0
530,523,0.051206400000000006,5.0
530,541,0.06096000000000001,5.0
530,568,0.06792685714285628,5.0
530,45,0.20320000000000102,5.0
531,570,0.05283199999999899,5.0
531,572,0.05283199999999899,5.0
532,533,0.06096000000000001,5.0
532,571,0.03251200000000102,5.0
533,219,0.109728,5.0
533,242,0.07837714285714373,5.0
533,571,0.12192000000000001,5.0
533,573,0.05747657142857187,5.0
533,15,0.253999999999999,5.0
534,531,0.05689600000000102,5.0
534,542,0.073152,5.0
534,573,0.06792685714285628,5.0
535,555,0.06096000000000001,5.0
535,559,0.05689600000000102,5.0
535,589,0.06096000000000001,5.0
535,721,0.05283199999999899,5.0
536,524,0.06502399999999899,5.0
536,561,0.048768000000000006,5.0
536,588,3.9624,5.0
536,589,0.06096000000000001,5.0
537,525,0.051206400000000006,5.0
537,540,0.073152,5.0
537,544,0.06096000000000001,5.0
538,539,0.05689600000000102,5.0
538,574,0.05689600000000102,5.0
538,15,0.253999999999999,5.0
539,226,0.16255999999999898,5.0
539,579,0.05689600000000102,5.0
540,537,0.051206400000000006,5.0
540,580,0.06792685714285628,5.0
540,584,0.06096000000000001,5.0
541,531,0.05689600000000102,5.0
541,542,0.073152,5.0
542,523,0.07837714285714373,5.0
542,534,0.073152,5.0
542,577,0.06792685714285628,5.0
543,540,0.06096000000000001,5.0
543,544,0.073152,5.0
544,538,0.05689600000000102,5.0
544,579,0.073152,5.0
545,526,0.020320000000000102,5.0
545,547,0.08940799999999899,5.0
546,526,0.06502399999999899,5.0
546,547,0.04063999999999899,5.0
547,532,0.03251200000000102,5.0
548,529,0.05283199999999899,5.0
548,551,0.05689600000000102,5.0
549,550,0.05689600000000102,5.0
549,552,0.05689600000000102,5.0
550,530,0.06096000000000001,5.0
550,567,0.05283199999999899,5.0
551,521,0.073152,5.0
551,522,0.06792685714285628,5.0
551,45,0.20320000000000102,5.0
551,556,0.05283199999999899,5.0
552,522,0.06792685714285628,5.0
552,553,0.073152,5.0
552,558,0.05283199999999899,5.0
553,523,0.07837714285714373,5.0
553,550,0.05689600000000102,5.0
553,552,0.073152,5.0
554,521,0.05689600000000102,5.0
554,726,0.05283199999999899,5.0
555,521,0.06502399999999899,5.0
555,535,0.06096000000000001,5.0
555,554,0.03251200000000102,5.0
555,45,0.20320000000000102,5.0
556,535,0.05283199999999899,5.0
556,555,0.024384000000000003,5.0
557,522,3.9624,5.0
557,556,0.05283199999999899,5.0
558,557,0.05283199999999899,5.0
558,560,0.05689600000000102,5.0
559,557,4.2672,5.0
559,560,0.05283199999999899,5.0
560,583,0.05689600000000102,5.0
560,587,0.05283199999999899,5.0
561,562,0.05689600000000102,5.0
561,585,0.05689600000000102,5.0
562,524,0.020900571428571563,5.0
562,673,0.06096000000000001,5.0
563,501,0.05689600000000102,5.0
563,716,0.048768000000000006,5.0
564,548,0.05689600000000102,5.0
564,563,0.05283199999999899,5.0
565,502,4.2672,5.0
565,564,0.05283199999999899,5.0
566,549,0.05283199999999899,5.0
566,565,0.05283199999999899,5.0
567,516,0.05689600000000102,5.0
567,566,0.05689600000000102,5.0
568,476,0.073152,5.0
568,530,0.0475488,5.0
568,567,0.06096000000000001,5.0
569,541,0.06792685714285628,5.0
569,568,0.06096000000000001,5.0
570,485,0.05689600000000102,5.0
570,569,0.05689600000000102,5.0
571,546,0.06096000000000001,5.0
571,570,0.05283199999999899,5.0
571,572,0.06792685714285628,5.0
572,573,0.073152,5.0
573,239,0.06792685714285628,5.0
573,533,0.05747657142857187,5.0
573,534,0.06792685714285628,5.0
574,543,0.05689600000000102,5.0
574,575,0.05283199999999899,5.0
575,240,0.05689600000000102,5.0
575,576,0.05689600000000102,5.0
576,534,0.05283199999999899,5.0
576,577,0.05689600000000102,5.0
577,578,0.073152,5.0
577,581,0.06096000000000001,5.0
578,543,0.06792685714285628,5.0
578,575,0.05689600000000102,5.0
579,525,0.06096000000000001,5.0
579,538,0.054864,5.0
579,595,0.15675428571428443,5.0
580,540,0.0475488,5.0
580,578,0.06096000000000001,5.0
580,581,0.073152,5.0
581,523,0.06792685714285628,5.0
581,580,0.051206400000000006,5.0
581,582,0.06096000000000001,5.0
582,553,0.05283199999999899,5.0
582,558,0.05689600000000102,5.0
583,580,0.06096000000000001,5.0
583,582,0.05689600000000102,5.0
584,583,0.05283199999999899,5.0
584,587,0.05689600000000102,5.0
585,537,0.06096000000000001,5.0
585,584,0.05283199999999899,5.0
585,53,0.1524,5.0
586,562,0.073152,5.0
586,585,0.05689600000000102,5.0
587,561,0.05283199999999899,5.0
587,588,0.05283199999999899,5.0
588,559,0.05283199999999899,5.0
588,589,0.020320000000000102,5.0
589,535,0.06096000000000001,5.0
589,536,0.06096000000000001,5.0
589,721,0.04063999999999899,5.0
590,535,0.05689600000000102,5.0
590,554,0.05689600000000102,5.0
591,594,0.10159999999999898,5.0
591,595,0.20900571428571563,5.0
591,945,0.38608000000001014,5.0
592,611,0.08128000000000102,5.0
592,946,0.36576000000000003,5.0
593,600,0.09144000000000001,5.0
593,606,0.09144000000000001,5.0
593,607,0.06792685714285628,5.0
594,640,0.20320000000000102,5.0
595,525,0.073152,5.0
595,591,0.146304,5.0
596,597,0.23513142857142816,5.0
596,599,0.05283199999999899,5.0
597,229,0.284479999999999,5.0
597,598,0.05283199999999899,5.0
597,17,0.20320000000000102,5.0
598,597,0.05283199999999899,5.0
598,599,0.22468114285714375,5.0
598,619,0.268224,5.0
599,608,0.06792685714285628,5.0
599,610,0.05689600000000102,5.0
600,601,0.052251428571428137,5.0
600,609,0.1524,5.0
600,612,0.17068800000000003,5.0
601,604,0.10566400000000102,5.0
601,16,0.3048,5.0
602,603,0.04180114285714373,5.0
602,605,0.06792685714285628,5.0
602,16,0.3048,5.0
603,227,0.219456,5.0
603,606,0.08534400000000002,5.0
603,621,0.10450285714285627,5.0
604,226,0.219456,5.0
605,593,0.06792685714285628,5.0
605,604,0.073152,5.0
606,593,0.09144000000000001,5.0
606,603,0.08534400000000002,5.0
606,605,0.026125714285714377,5.0
607,596,0.06792685714285628,5.0
607,606,0.11495314285714374,5.0
608,600,0.07837714285714373,5.0
608,607,0.06792685714285628,5.0
608,17,0.20320000000000102,5.0
609,608,0.073152,5.0
609,610,0.06792685714285628,5.0
610,614,0.05283199999999899,5.0
610,618,0.27693257142857186,5.0
611,601,0.109728,5.0
612,592,0.128016,5.0
612,611,0.03135085714285627,5.0
613,609,0.073152,5.0
613,612,0.11495314285714374,5.0
614,613,0.06792685714285628,5.0
614,616,0.05689600000000102,5.0
615,613,0.073152,5.0
615,616,0.06792685714285628,5.0
616,615,0.06792685714285628,5.0
616,617,0.073152,5.0
616,919,0.3251200000000102,5.0
617,614,0.14107885714285628,5.0
617,616,0.073152,5.0
617,618,0.06792685714285628,5.0
617,19,0.253999999999999,5.0
618,617,0.06792685714285628,5.0
618,619,0.04180114285714373,5.0
619,598,0.268224,5.0
619,618,0.04180114285714373,5.0
619,918,0.48768000000000006,5.0
620,621,0.23513142857142816,5.0
621,596,0.10159999999999898,5.0
621,620,0.23513142857142816,5.0
621,17,0.20320000000000102,5.0
622,623,0.146304,5.0
622,883,0.26125714285714374,5.0
623,622,0.146304,5.0
623,636,0.10159999999999898,5.0
623,646,0.31350857142856275,5.0
623,50,0.1524,5.0
624,627,0.020320000000000102,5.0
624,641,0.15443200000000104,5.0
624,646,0.31350857142856275,5.0
624,61,0.17779999999999901,5.0
625,629,0.18288000000000001,5.0
625,641,0.13004800000000102,5.0
625,653,0.24558171428571562,5.0
625,49,0.22860000000000003,5.0
626,638,0.04063999999999899,5.0
626,640,0.04063999999999899,5.0
626,658,16.764,5.0
627,624,0.020320000000000102,5.0
627,892,0.20320000000000102,5.0
627,899,0.18288000000000001,5.0
627,58,0.16255999999999898,5.0
628,630,0.14224000000000103,5.0
628,642,0.16255999999999898,5.0
628,643,0.3048,5.0
629,625,0.18288000000000001,5.0
629,628,0.33528,5.0
629,632,0.20900571428571563,5.0
629,653,0.14224000000000103,5.0
629,62,0.20320000000000102,5.0
630,628,0.14224000000000103,5.0
630,629,0.16255999999999898,5.0
630,632,0.12192000000000001,5.0
630,902,0.19710400000000106,5.0
630,61,0.17779999999999901,5.0
630,1013,0.22351999999999897,5.0
631,646,0.09144000000000001,5.0
631,899,0.3048,5.0
632,630,0.12192000000000001,5.0
632,637,0.067056,5.0
632,924,0.12540342857142814,5.0
632,64,0.22860000000000003,5.0
633,634,0.17242971428571563,5.0
633,644,0.054864,5.0
633,40,0.33019999999998983,5.0
634,635,0.07837714285714373,5.0
634,649,0.32918400000000003,5.0
634,667,0.17068800000000003,5.0
634,885,0.20900571428571563,5.0
635,634,0.07837714285714373,5.0
635,644,0.13062857142857187,5.0
635,1019,0.08128000000000102,5.0
636,623,0.10159999999999898,5.0
636,645,0.073152,5.0
636,650,0.15443200000000104,5.0
637,632,0.067056,5.0
637,638,0.04063999999999899,5.0
637,713,0.15849600000000003,5.0
637,62,0.20320000000000102,5.0
638,626,0.04063999999999899,5.0
638,637,0.04063999999999899,5.0
638,923,0.13004800000000102,5.0
639,947,0.36576000000000003,5.0
640,626,0.04063999999999899,5.0
640,659,0.10159999999999898,5.0
640,52,0.16255999999999898,5.0
641,624,0.15443200000000104,5.0
641,625,0.13004800000000102,5.0
641,642,0.18288000000000001,5.0
642,628,0.16255999999999898,5.0
642,641,0.18288000000000001,5.0
642,893,0.22351999999999897,5.0
642,61,0.17779999999999901,5.0
643,896,0.18288000000000001,5.0
644,622,0.12192000000000001,5.0
644,635,0.10450285714285627,5.0
645,636,0.0627017142857156,5.0
645,700,0.13004800000000102,5.0
645,1018,0.08128000000000102,5.0
646,260,0.9144000000000001,5.0
646,623,0.31350857142856275,5.0
646,624,0.31350857142856275,5.0
646,631,0.09144000000000001,5.0
646,49,0.22860000000000003,5.0
647,656,0.05283199999999899,5.0
647,753,0.06792685714285628,5.0
648,647,0.06792685714285628,5.0
648,710,0.06792685714285628,5.0
649,634,0.32918400000000003,5.0
649,665,0.08360228571428442,5.0
649,679,0.10450285714285627,5.0
649,683,0.052251428571428137,5.0
649,885,0.3048,5.0
650,636,0.15443200000000104,5.0
651,740,0.06792685714285628,5.0
652,650,0.024384000000000003,5.0
652,701,0.05283199999999899,5.0
652,50,0.1524,5.0
653,625,0.24558171428571562,5.0
653,706,0.23571199999999898,5.0
653,712,0.06096000000000001,5.0
653,62,0.20320000000000102,5.0
654,704,0.05283199999999899,5.0
654,751,0.05283199999999899,5.0
655,629,0.347472,5.0
655,708,0.16255999999999898,5.0
655,712,0.077215999999999,5.0
655,51,0.17779999999999901,5.0
656,654,0.05689600000000102,5.0
656,709,0.05283199999999899,5.0
657,536,4.2672,5.0
657,671,0.06792685714285628,5.0
658,672,0.05283199999999899,5.0
658,756,3.9624,5.0
659,673,0.14224000000000103,5.0
659,52,0.16255999999999898,5.0
660,666,0.05689600000000102,5.0
660,680,0.06792685714285628,5.0
660,681,0.073152,5.0
661,647,0.05283199999999899,5.0
661,754,0.05283199999999899,5.0
662,668,0.06096000000000001,5.0
662,693,0.06792685714285628,5.0
663,669,0.05689600000000102,5.0
663,695,0.06792685714285628,5.0
664,591,0.14224000000000103,5.0
664,594,0.06096000000000001,5.0
664,53,0.1524,5.0
665,649,0.08360228571428442,5.0
665,677,0.09347200000000101,5.0
666,678,0.05689600000000102,5.0
666,717,0.05283199999999899,5.0
666,42,0.20320000000000102,5.0
667,651,0.08360228571428442,5.0
667,688,0.048768000000000006,5.0
668,690,0.05689600000000102,5.0
668,730,0.05283199999999899,5.0
668,43,0.17779999999999901,5.0
669,670,0.05689600000000102,5.0
669,722,0.05283199999999899,5.0
670,536,0.06096000000000001,5.0
670,671,0.05689600000000102,5.0
671,663,0.073152,5.0
671,698,0.05689600000000102,5.0
672,661,0.05689600000000102,5.0
672,711,0.05283199999999899,5.0
673,524,0.06096000000000001,5.0
673,664,0.14224000000000103,5.0
673,720,0.05689600000000102,5.0
673,750,0.05283199999999899,5.0
674,675,0.05689600000000102,5.0
674,778,0.073152,5.0
675,676,0.04063999999999899,5.0
675,718,0.05689600000000102,5.0
676,715,0.0162559999999999,5.0
676,716,0.06096000000000001,5.0
676,777,0.06096000000000001,5.0
676,42,0.20320000000000102,5.0
677,741,0.04470400000000102,5.0
678,681,0.05689600000000102,5.0
678,719,0.05283199999999899,5.0
679,649,0.10450285714285627,5.0
679,677,0.05689600000000102,5.0
679,680,0.10450285714285627,5.0
679,42,0.20320000000000102,5.0
680,660,0.06792685714285628,5.0
680,679,0.10450285714285627,5.0
680,685,0.05283199999999899,5.0
681,660,0.073152,5.0
681,682,0.06792685714285628,5.0
681,687,0.05283199999999899,5.0
682,521,0.06792685714285628,5.0
682,681,0.06792685714285628,5.0
682,719,0.073152,5.0
683,738,0.0627017142857156,5.0
684,679,0.05283199999999899,5.0
684,683,0.06096000000000001,5.0
685,684,0.05283199999999899,5.0
685,732,0.05689600000000102,5.0
686,660,0.05283199999999899,5.0
686,685,0.05283199999999899,5.0
687,686,0.05689600000000102,5.0
687,727,0.05689600000000102,5.0
687,42,0.20320000000000102,5.0
688,689,0.05283199999999899,5.0
688,736,0.05283199999999899,5.0
688,43,0.17779999999999901,5.0
689,668,0.05283199999999899,5.0
689,693,0.06096000000000001,5.0
689,43,0.17779999999999901,5.0
690,691,0.05283199999999899,5.0
690,694,0.06096000000000001,5.0
691,669,0.05283199999999899,5.0
691,724,0.06792685714285628,5.0
692,651,0.052251428571428137,5.0
692,688,0.06096000000000001,5.0
693,692,0.06792685714285628,5.0
693,734,0.05689600000000102,5.0
694,662,0.073152,5.0
694,696,0.05283199999999899,5.0
695,691,0.07837714285714373,5.0
695,694,0.06792685714285628,5.0
696,723,0.05283199999999899,5.0
696,745,0.05283199999999899,5.0
696,43,0.17779999999999901,5.0
697,663,0.05689600000000102,5.0
697,698,0.05689600000000102,5.0
698,699,0.05283199999999899,5.0
698,748,0.05283199999999899,5.0
699,657,4.2672,5.0
699,673,0.05283199999999899,5.0
699,52,0.16255999999999898,5.0
700,650,0.073152,5.0
700,701,0.0284479999999999,5.0
700,50,0.1524,5.0
701,702,0.05283199999999899,5.0
701,743,0.05283199999999899,5.0
702,704,0.05283199999999899,5.0
702,751,0.05283199999999899,5.0
702,51,0.17779999999999901,5.0
703,729,0.05283199999999899,5.0
703,744,0.05283199999999899,5.0
704,652,0.05283199999999899,5.0
704,707,0.05283199999999899,5.0
705,640,0.16255999999999898,5.0
705,658,0.05283199999999899,5.0
706,652,0.05283199999999899,5.0
706,707,0.06792685714285628,5.0
706,51,0.17779999999999901,5.0
707,708,0.06792685714285628,5.0
707,712,0.211327999999999,5.0
708,654,0.05283199999999899,5.0
708,709,0.073152,5.0
709,648,0.06792685714285628,5.0
709,655,0.262128,5.0
710,661,0.05283199999999899,5.0
710,711,0.073152,5.0
710,51,0.17779999999999901,5.0
711,714,0.138175999999999,5.0
712,653,0.06096000000000001,5.0
712,655,0.077215999999999,5.0
713,710,0.12192000000000001,5.0
713,714,0.07837714285714373,5.0
714,638,0.08940799999999899,5.0
714,640,0.15675428571428443,5.0
714,658,0.3048,5.0
714,52,0.16255999999999898,5.0
715,501,0.05689600000000102,5.0
715,819,0.073152,5.0
716,527,0.06096000000000001,5.0
716,676,0.06096000000000001,5.0
716,718,0.06502399999999899,5.0
717,674,0.05283199999999899,5.0
718,678,0.05283199999999899,5.0
718,717,0.05689600000000102,5.0
719,527,0.036576,5.0
719,716,0.073152,5.0
720,586,0.05689600000000102,5.0
720,595,0.06096000000000001,5.0
721,670,0.05283199999999899,5.0
721,722,0.05689600000000102,5.0
722,590,0.05283199999999899,5.0
722,724,0.05283199999999899,5.0
722,43,0.17779999999999901,5.0
723,695,0.073152,5.0
723,697,0.05283199999999899,5.0
724,725,0.06792685714285628,5.0
724,728,0.05283199999999899,5.0
725,590,0.05283199999999899,5.0
725,726,0.073152,5.0
726,682,0.06792685714285628,5.0
726,687,0.05283199999999899,5.0
727,725,0.05283199999999899,5.0
727,728,0.05283199999999899,5.0
728,690,0.05283199999999899,5.0
728,730,0.05689600000000102,5.0
729,662,0.05689600000000102,5.0
729,696,0.05689600000000102,5.0
730,731,0.05283199999999899,5.0
730,733,0.05283199999999899,5.0
731,686,0.05689600000000102,5.0
731,727,0.05689600000000102,5.0
732,731,0.05283199999999899,5.0
732,733,0.05283199999999899,5.0
733,689,0.05283199999999899,5.0
733,736,0.05283199999999899,5.0
734,729,0.05283199999999899,5.0
734,744,0.05283199999999899,5.0
735,692,0.05689600000000102,5.0
735,734,0.05283199999999899,5.0
736,737,0.05283199999999899,5.0
736,739,0.05283199999999899,5.0
737,684,0.05689600000000102,5.0
737,732,0.05283199999999899,5.0
738,737,0.05689600000000102,5.0
738,739,0.06792685714285628,5.0
739,667,0.06792685714285628,5.0
740,735,0.036576,5.0
740,742,0.073152,5.0
741,666,0.05283199999999899,5.0
741,680,0.05689600000000102,5.0
742,700,0.06792685714285628,5.0
742,1018,0.16255999999999898,5.0
743,735,0.05283199999999899,5.0
743,742,0.03251200000000102,5.0
744,702,0.05283199999999899,5.0
744,743,0.05283199999999899,5.0
745,703,0.05689600000000102,5.0
745,752,0.05283199999999899,5.0
746,723,0.06792685714285628,5.0
746,745,0.05283199999999899,5.0
747,697,0.05283199999999899,5.0
747,746,0.05283199999999899,5.0
748,747,0.05689600000000102,5.0
748,755,0.05283199999999899,5.0
749,699,3.9624,5.0
749,748,0.05283199999999899,5.0
750,749,0.05283199999999899,5.0
750,757,0.05283199999999899,5.0
751,703,0.05283199999999899,5.0
751,752,0.05689600000000102,5.0
752,656,0.05283199999999899,5.0
752,753,0.05283199999999899,5.0
753,746,0.06792685714285628,5.0
753,754,0.05283199999999899,5.0
754,747,0.05283199999999899,5.0
754,755,0.05689600000000102,5.0
755,672,0.05283199999999899,5.0
755,756,0.05283199999999899,5.0
756,749,3.9624,5.0
756,757,0.05283199999999899,5.0
757,705,0.05283199999999899,5.0
758,336,0.19507200000000002,5.0
758,364,0.08882742857142814,5.0
758,779,0.05852160000000001,5.0
758,786,0.06096000000000001,5.0
758,35,0.22860000000000003,5.0
759,765,0.073152,5.0
759,772,0.073152,5.0
760,761,0.07837714285714373,5.0
760,782,0.128016,5.0
760,35,0.22860000000000003,5.0
761,781,0.10159999999999898,5.0
761,868,0.03135085714285627,5.0
761,869,0.06502399999999899,5.0
761,41,0.27940000000000104,5.0
762,766,0.073152,5.0
762,775,0.036576,5.0
762,793,0.109728,5.0
762,813,0.10159999999999898,5.0
762,817,0.05283199999999899,5.0
762,865,0.20320000000000102,5.0
763,764,0.04063999999999899,5.0
763,781,0.06096000000000001,5.0
763,793,0.04063999999999899,5.0
763,36,0.18796000000000104,5.0
764,763,0.04063999999999899,5.0
764,780,0.0219456,5.0
764,791,0.06096000000000001,5.0
764,36,0.18796000000000104,5.0
765,760,0.14107885714285628,5.0
765,975,0.0621792,5.0
766,762,0.073152,5.0
766,777,0.06096000000000001,5.0
766,818,0.0162559999999999,5.0
767,765,0.0877824,5.0
767,772,0.06502399999999899,5.0
767,791,0.05689600000000102,5.0
767,36,0.18796000000000104,5.0
768,366,0.073152,5.0
768,790,0.05283199999999899,5.0
769,771,0.05689600000000102,5.0
769,772,0.06096000000000001,5.0
769,786,0.06096000000000001,5.0
770,773,0.05283199999999899,5.0
770,789,0.06792685714285628,5.0
771,758,0.146304,5.0
771,759,0.0627017142857156,5.0
771,974,0.30305828571428445,5.0
772,767,0.06502399999999899,5.0
772,769,0.06096000000000001,5.0
772,810,0.048768000000000006,5.0
773,774,0.05689600000000102,5.0
773,796,0.05283199999999899,5.0
774,792,0.05283199999999899,5.0
774,811,0.0475488,5.0
775,868,0.27170742857142816,5.0
776,762,0.06908800000000102,5.0
776,766,0.04063999999999899,5.0
777,675,0.06096000000000001,5.0
777,676,0.06096000000000001,5.0
777,766,0.06096000000000001,5.0
777,778,0.06096000000000001,5.0
778,776,0.04470400000000102,5.0
779,783,0.051206400000000006,5.0
779,787,0.05283199999999899,5.0
779,31,0.18796000000000104,5.0
780,763,0.036576,5.0
780,812,0.0475488,5.0
781,761,0.10159999999999898,5.0
781,763,0.06096000000000001,5.0
781,782,0.073152,5.0
782,764,0.036576,5.0
783,366,0.048768000000000006,5.0
783,768,0.0475488,5.0
784,768,0.0475488,5.0
785,403,0.073152,5.0
785,808,0.0475488,5.0
786,758,0.06096000000000001,5.0
786,769,0.06096000000000001,5.0
786,787,0.04063999999999899,5.0
787,769,0.05689600000000102,5.0
787,788,0.05689600000000102,5.0
788,783,0.05283199999999899,5.0
788,790,0.05283199999999899,5.0
788,36,0.18796000000000104,5.0
789,769,0.05689600000000102,5.0
789,788,0.05689600000000102,5.0
790,770,0.05689600000000102,5.0
790,794,0.05283199999999899,5.0
791,764,0.06096000000000001,5.0
791,767,0.05689600000000102,5.0
791,792,0.0627017142857156,5.0
792,780,0.048768000000000006,5.0
793,762,0.109728,5.0
793,763,0.04063999999999899,5.0
793,813,0.04702628571428441,5.0
794,784,0.05283199999999899,5.0
794,809,0.05283199999999899,5.0
795,770,0.05283199999999899,5.0
795,794,0.05689600000000102,5.0
796,795,0.05283199999999899,5.0
796,815,0.05283199999999899,5.0
796,36,0.18796000000000104,5.0
797,774,0.0475488,5.0
797,796,0.05689600000000102,5.0
798,799,0.077215999999999,5.0
798,804,0.0475488,5.0
799,805,0.06792685714285628,5.0
799,813,0.06792685714285628,5.0
799,817,0.077215999999999,5.0
800,388,0.05689600000000102,5.0
800,785,0.06792685714285628,5.0
801,800,0.073152,5.0
801,814,0.05689600000000102,5.0
802,348,0.05689600000000102,5.0
802,801,0.06792685714285628,5.0
803,802,0.073152,5.0
803,816,0.0475488,5.0
803,37,0.21336,5.0
804,458,0.05689600000000102,5.0
804,803,0.1358537142857156,5.0
805,490,0.073152,5.0
805,799,0.06792685714285628,5.0
805,804,0.0992777142857156,5.0
806,457,0.05689600000000102,5.0
806,805,0.0992777142857156,5.0
806,817,0.05283199999999899,5.0
807,461,0.051206400000000006,5.0
807,806,0.08882742857142814,5.0
808,784,0.0475488,5.0
808,809,0.05283199999999899,5.0
809,800,0.05283199999999899,5.0
809,808,0.05283199999999899,5.0
810,773,0.05283199999999899,5.0
810,789,0.05283199999999899,5.0
811,767,0.018288,5.0
811,810,0.05689600000000102,5.0
812,797,0.10566400000000102,5.0
812,798,0.0475488,5.0
813,793,0.04702628571428441,5.0
813,799,0.06792685714285628,5.0
813,812,0.073152,5.0
814,795,0.05283199999999899,5.0
814,815,0.05283199999999899,5.0
815,802,0.05283199999999899,5.0
815,816,0.05689600000000102,5.0
816,797,0.0475488,5.0
816,798,0.10566400000000102,5.0
817,762,0.05283199999999899,5.0
817,806,0.05283199999999899,5.0
817,818,0.06502399999999899,5.0
818,777,0.05689600000000102,5.0
818,807,0.05283199999999899,5.0
819,777,0.04470400000000102,5.0
819,807,0.06792685714285628,5.0
820,826,0.052251428571428137,5.0
820,827,0.1672045714285719,5.0
820,831,0.36576000000000003,5.0
821,824,0.16459200000000002,5.0
821,830,0.04063999999999899,5.0
821,832,0.33528,5.0
821,840,0.13898880000000002,5.0
821,25,0.381,5.0
822,828,0.15675428571428443,5.0
822,837,0.07837714285714373,5.0
822,838,0.24384000000000003,5.0
823,829,0.20320000000000102,5.0
823,830,0.16255999999999898,5.0
823,836,0.048768000000000006,5.0
823,23,0.33019999999998983,5.0
824,821,0.16459200000000002,5.0
824,825,0.16255999999999898,5.0
824,27,0.20320000000000102,5.0
824,1016,0.16255999999999898,5.0
825,328,0.109728,5.0
825,833,0.1672045714285719,5.0
825,28,0.20320000000000102,5.0
826,820,0.052251428571428137,5.0
826,838,0.1524,5.0
826,839,0.44413714285715594,5.0
827,820,0.1672045714285719,5.0
827,828,0.33528,5.0
827,854,0.18288000000000001,5.0
827,24,0.3556000000000102,5.0
828,822,0.15675428571428443,5.0
828,852,0.20900571428571563,5.0
829,823,0.20320000000000102,5.0
829,834,0.18288000000000001,5.0
829,852,0.12192000000000001,5.0
830,821,0.04063999999999899,5.0
830,823,0.16255999999999898,5.0
830,847,0.16459200000000002,5.0
831,249,0.8734567164178969,5.0
831,826,0.42672,5.0
831,827,0.54864,5.0
831,22,0.3556000000000102,5.0
832,324,0.16255999999999898,5.0
832,833,0.052251428571428137,5.0
832,846,0.10450285714285627,5.0
832,27,0.20320000000000102,5.0
833,825,0.1672045714285719,5.0
833,832,0.052251428571428137,5.0
834,758,0.15675428571428443,5.0
834,856,0.23513142857142816,5.0
835,821,0.2037805714285719,5.0
835,845,0.2873828571428563,5.0
835,23,0.33019999999998983,5.0
836,822,0.2873828571428563,5.0
836,823,0.048768000000000006,5.0
836,824,0.18288000000000001,5.0
836,835,0.15675428571428443,5.0
836,23,0.33019999999998983,5.0
837,835,0.18288000000000001,5.0
838,820,0.1524,5.0
838,837,0.26125714285714374,5.0
838,24,0.3556000000000102,5.0
839,78,0.253999999999999,5.0
839,826,0.44413714285715594,5.0
839,845,0.4180114285714373,5.0
839,848,0.5225142857142814,5.0
839,23,0.33019999999998983,5.0
840,821,0.13898880000000002,5.0
840,843,0.32105599999998985,5.0
840,845,0.01567542857142844,5.0
840,847,0.2508068571428563,5.0
840,850,0.5181600000000001,5.0
841,317,0.06908800000000102,5.0
841,846,0.07837714285714373,5.0
841,847,0.08128000000000102,5.0
841,25,0.381,5.0
842,74,0.253999999999999,5.0
842,322,0.1672045714285719,5.0
843,840,0.32105599999998985,5.0
843,849,0.109728,5.0
843,850,0.3251200000000102,5.0
844,322,0.1524,5.0
844,842,0.19333028571428443,5.0
844,850,0.20320000000000102,5.0
844,26,0.20320000000000102,5.0
845,839,0.4180114285714373,5.0
845,840,0.01567542857142844,5.0
846,832,0.10450285714285627,5.0
846,841,0.07837714285714373,5.0
846,851,0.36576000000000003,5.0
847,830,0.16459200000000002,5.0
847,841,0.08128000000000102,5.0
848,76,0.253999999999999,5.0
848,78,0.253999999999999,5.0
848,81,0.253999999999999,5.0
848,82,0.253999999999999,5.0
848,83,0.253999999999999,5.0
848,839,0.5225142857142814,5.0
848,849,0.26125714285714374,5.0
849,75,0.253999999999999,5.0
849,76,0.253999999999999,5.0
849,77,0.253999999999999,5.0
849,85,0.253999999999999,5.0
849,86,0.253999999999999,5.0
849,87,0.253999999999999,5.0
849,103,0.253999999999999,5.0
849,104,0.253999999999999,5.0
849,106,0.253999999999999,5.0
849,107,0.253999999999999,5.0
849,108,0.253999999999999,5.0
849,109,0.253999999999999,5.0
849,843,0.109728,5.0
849,848,0.26125714285714374,5.0
849,25,0.381,5.0
850,840,0.5181600000000001,5.0
850,843,0.3251200000000102,5.0
850,844,0.20320000000000102,5.0
851,844,0.10450285714285627,5.0
851,846,0.36576000000000003,5.0
851,26,0.20320000000000102,5.0
852,828,0.20900571428571563,5.0
852,829,0.12192000000000001,5.0
852,855,0.08940799999999899,5.0
852,856,0.11495314285714374,5.0
853,250,0.23513142857142816,5.0
853,860,0.17765485714285628,5.0
854,827,0.18288000000000001,5.0
854,852,0.475488,5.0
854,857,0.11495314285714374,5.0
855,852,0.08940799999999899,5.0
855,857,0.3553097142857186,5.0
855,859,0.10566400000000102,5.0
855,24,0.3556000000000102,5.0
856,852,0.11495314285714374,5.0
856,855,0.10450285714285627,5.0
856,962,0.19333028571428443,5.0
857,854,0.11495314285714374,5.0
857,858,0.07837714285714373,5.0
858,857,0.07837714285714373,5.0
858,859,0.32918400000000003,5.0
858,961,0.0992777142857156,5.0
858,33,0.33019999999998983,5.0
859,855,0.10566400000000102,5.0
859,858,0.32918400000000003,5.0
859,964,0.09753600000000001,5.0
860,872,0.0992777142857156,5.0
860,963,0.09405257142857187,5.0
861,863,0.030480000000000004,5.0
861,870,0.109728,5.0
862,873,0.17190719999999998,5.0
863,876,0.06096000000000001,5.0
864,869,0.0475488,5.0
864,870,0.128016,5.0
864,875,0.12017828571428442,5.0
864,967,0.14224000000000103,5.0
864,977,0.11495314285714374,5.0
865,866,0.17068800000000003,5.0
865,875,0.13004800000000102,5.0
866,665,0.27432,5.0
866,778,0.286512,5.0
866,41,0.27940000000000104,5.0
867,861,0.128016,5.0
867,882,0.16255999999999898,5.0
868,865,0.11582400000000001,5.0
868,869,0.073152,5.0
869,761,0.06502399999999899,5.0
869,864,0.0475488,5.0
869,35,0.22860000000000003,5.0
870,861,0.109728,5.0
870,864,0.128016,5.0
870,967,0.1672045714285719,5.0
870,34,0.27940000000000104,5.0
871,267,0.1524,5.0
871,872,0.15675428571428443,5.0
871,880,0.2873828571428563,5.0
872,853,0.13062857142857187,5.0
872,871,0.15675428571428443,5.0
873,879,0.146304,5.0
873,886,0.09144000000000001,5.0
873,39,0.253999999999999,5.0
874,965,0.14224000000000103,5.0
875,863,0.20320000000000102,5.0
875,41,0.27940000000000104,5.0
876,862,0.06096000000000001,5.0
876,866,0.6096,5.0
876,878,0.13062857142857187,5.0
877,861,0.07837714285714373,5.0
877,876,0.06096000000000001,5.0
878,879,0.052251428571428137,5.0
878,881,0.11495314285714374,5.0
879,267,0.6096,5.0
879,874,0.24384000000000003,5.0
879,877,0.10450285714285627,5.0
880,871,0.2873828571428563,5.0
880,874,0.20900571428571563,5.0
880,877,0.10450285714285627,5.0
880,39,0.253999999999999,5.0
881,255,0.9405257142857187,5.0
881,871,0.26125714285714374,5.0
881,880,0.07837714285714373,5.0
881,39,0.253999999999999,5.0
882,862,0.0475488,5.0
882,876,0.04180114285714373,5.0
883,622,0.26125714285714374,5.0
883,633,0.0627017142857156,5.0
883,873,0.41452800000000006,5.0
883,887,0.9144000000000001,5.0
883,40,0.33019999999998983,5.0
884,633,0.16255999999999898,5.0
884,883,0.20320000000000102,5.0
885,665,0.408432,5.0
885,884,0.176784,5.0
885,41,0.27940000000000104,5.0
886,634,0.26125714285714374,5.0
886,635,0.24384000000000003,5.0
886,884,0.06096000000000001,5.0
887,254,0.54864,5.0
887,261,0.42672,5.0
887,265,1.2192,5.0
887,883,0.9144000000000001,5.0
887,47,0.20320000000000102,5.0
888,892,0.0284479999999999,5.0
888,58,0.16255999999999898,5.0
889,269,0.54864,5.0
889,892,0.36576000000000003,5.0
889,980,0.20900571428571563,5.0
889,56,0.1524,5.0
889,57,0.16255999999999898,5.0
889,59,0.1524,5.0
890,891,0.18810514285714375,5.0
890,898,0.07837714285714373,5.0
890,48,0.22860000000000003,5.0
891,251,0.036576,5.0
891,264,0.3048,5.0
891,890,0.18810514285714375,5.0
891,55,0.193039999999999,5.0
892,627,0.20320000000000102,5.0
892,888,0.0284479999999999,5.0
892,889,0.36576000000000003,5.0
892,893,0.08128000000000102,5.0
893,642,0.22351999999999897,5.0
893,892,0.08128000000000102,5.0
893,894,0.20900571428571563,5.0
893,60,0.12700000000000103,5.0
894,896,0.07837714285714373,5.0
895,892,0.2664822857142844,5.0
895,894,0.08882742857142814,5.0
896,902,0.07837714285714373,5.0
896,60,0.12700000000000103,5.0
897,895,0.07837714285714373,5.0
897,896,0.08882742857142814,5.0
898,260,0.27432,5.0
898,890,0.07837714285714373,5.0
898,899,0.2873828571428563,5.0
899,627,0.18288000000000001,5.0
899,888,0.27432,5.0
899,898,0.2873828571428563,5.0
900,897,0.03135085714285627,5.0
900,902,0.03860800000000102,5.0
900,909,0.11176000000000103,5.0
900,990,0.284479999999999,5.0
900,60,0.12700000000000103,5.0
901,905,0.26125714285714374,5.0
901,906,0.17068800000000003,5.0
901,909,0.1524,5.0
902,630,0.19710400000000106,5.0
902,900,0.03860800000000102,5.0
902,903,0.3048,5.0
902,908,0.10363200000000002,5.0
902,63,0.16255999999999898,5.0
903,639,0.07924800000000001,5.0
904,903,0.09144000000000001,5.0
904,905,0.15152914285714372,5.0
904,70,0.253999999999999,5.0
905,908,0.073152,5.0
906,901,0.17068800000000003,5.0
906,904,0.268224,5.0
906,910,0.146304,5.0
906,959,0.1524,5.0
907,897,0.05747657142857187,5.0
907,900,0.026416000000000103,5.0
908,900,0.05747657142857187,5.0
908,909,0.408432,5.0
908,63,0.16255999999999898,5.0
909,901,0.1524,5.0
909,983,0.08128000000000102,5.0
910,906,0.146304,5.0
910,950,0.420624,5.0
910,960,0.07837714285714373,5.0
911,925,0.17068800000000003,5.0
911,926,0.05689600000000102,5.0
912,914,0.256032,5.0
912,937,0.07389090909090835,5.0
912,942,0.052251428571428137,5.0
913,920,0.05747657142857187,5.0
913,943,0.23513142857142816,5.0
913,1008,0.15675428571428443,5.0
914,18,0.27940000000000104,5.0
914,912,0.256032,5.0
914,917,0.23513142857142816,5.0
914,931,0.2403565714285719,5.0
914,946,0.07837714285714373,5.0
915,21,0.1524,5.0
915,916,0.10159999999999898,5.0
915,943,0.2873828571428563,5.0
916,20,0.22860000000000003,5.0
916,915,0.10159999999999898,5.0
916,932,0.3251200000000102,5.0
916,934,0.2873828571428563,5.0
917,914,0.23513142857142816,5.0
917,935,0.20900571428571563,5.0
917,937,0.18288000000000001,5.0
918,619,0.48768000000000006,5.0
918,919,0.15675428571428443,5.0
919,19,0.253999999999999,5.0
919,918,0.15675428571428443,5.0
919,931,0.06792685714285628,5.0
919,932,0.109728,5.0
920,913,0.05747657142857187,5.0
920,929,0.08360228571428442,5.0
920,933,0.08360228571428442,5.0
921,922,0.17068800000000003,5.0
921,936,0.06096000000000001,5.0
921,938,0.07389090909090835,5.0
921,65,0.26416000000000106,5.0
922,921,0.17068800000000003,5.0
922,927,0.174751999999999,5.0
922,939,0.16255999999999898,5.0
922,948,0.14224000000000103,5.0
923,911,0.24384000000000003,5.0
923,925,0.18288000000000001,5.0
923,64,0.22860000000000003,5.0
924,637,0.09347200000000101,5.0
924,923,0.073152,5.0
925,923,0.18288000000000001,5.0
925,924,0.16459200000000002,5.0
925,64,0.22860000000000003,5.0
925,1013,0.146304,5.0
926,911,0.05689600000000102,5.0
926,939,0.16255999999999898,5.0
926,942,0.18288000000000001,5.0
926,65,0.26416000000000106,5.0
926,1013,0.16255999999999898,5.0
927,922,0.174751999999999,5.0
927,928,0.18694399999999897,5.0
927,940,0.18288000000000001,5.0
928,927,0.18694399999999897,5.0
928,940,0.59436,5.0
928,73,0.17779999999999901,5.0
928,1005,0.2403565714285719,5.0
929,920,0.08360228571428442,5.0
929,930,0.07389090909090835,5.0
929,1008,0.07389090909090835,5.0
930,1007,0.2770909090909094,5.0
931,615,0.4180114285714373,5.0
931,19,0.253999999999999,5.0
931,914,0.2403565714285719,5.0
931,919,0.06792685714285628,5.0
932,916,0.3251200000000102,5.0
932,931,0.20900571428571563,5.0
933,920,0.08360228571428442,5.0
933,934,0.31350857142856275,5.0
933,935,0.15675428571428443,5.0
934,916,0.2873828571428563,5.0
934,933,0.31350857142856275,5.0
934,943,0.1524,5.0
935,917,0.20900571428571563,5.0
935,933,0.15675428571428443,5.0
935,936,0.08128000000000102,5.0
936,921,0.06096000000000001,5.0
936,929,0.07389090909090835,5.0
936,935,0.08128000000000102,5.0
936,65,0.26416000000000106,5.0
937,18,0.27940000000000104,5.0
937,917,0.18288000000000001,5.0
937,936,0.07389090909090835,5.0
937,938,0.073152,5.0
938,18,0.27940000000000104,5.0
938,937,0.073152,5.0
938,939,0.21336,5.0
938,942,0.07389090909090835,5.0
939,922,0.16255999999999898,5.0
939,926,0.16255999999999898,5.0
939,938,0.21336,5.0
940,921,0.07389090909090835,5.0
940,927,0.18288000000000001,5.0
940,73,0.17779999999999901,5.0
941,940,0.05541818181818126,5.0
941,944,0.3232727272727393,5.0
942,912,0.052251428571428137,5.0
942,926,0.18288000000000001,5.0
942,944,0.04618181818181772,5.0
943,21,0.1524,5.0
943,913,0.23513142857142816,5.0
943,915,0.2873828571428563,5.0
943,934,0.1524,5.0
944,659,0.48768000000000006,5.0
945,912,0.04618181818181772,5.0
945,930,0.3232727272727393,5.0
946,18,0.27940000000000104,5.0
946,912,0.26125714285714374,5.0
946,914,0.07837714285714373,5.0
946,592,0.36576000000000003,5.0
947,948,0.42672,5.0
947,63,0.16255999999999898,5.0
947,1011,0.44413714285715594,5.0
947,1013,0.353568,5.0
948,922,0.14224000000000103,5.0
948,947,0.42672,5.0
948,955,0.7053942857142813,5.0
949,953,0.3048,5.0
949,959,0.1524,5.0
949,71,0.253999999999999,5.0
950,958,0.13062857142857187,5.0
950,983,0.23164800000000002,5.0
950,990,0.06096000000000001,5.0
951,952,0.4702628571428441,5.0
951,956,0.18288000000000001,5.0
951,72,0.27940000000000104,5.0
951,1010,0.13062857142857187,5.0
952,951,0.4702628571428441,5.0
952,958,0.18288000000000001,5.0
952,982,0.10450285714285627,5.0
952,985,0.0992777142857156,5.0
953,949,0.3048,5.0
953,956,0.737616,5.0
953,957,0.18288000000000001,5.0
954,91,0.253999999999999,5.0
954,957,0.24384000000000003,5.0
955,948,0.7053942857142813,5.0
955,957,0.33528,5.0
955,1005,0.42672,5.0
956,951,0.18288000000000001,5.0
956,953,0.737616,5.0
956,957,0.70104,5.0
957,953,0.18288000000000001,5.0
957,954,0.24384000000000003,5.0
957,955,0.33528,5.0
957,956,0.70104,5.0
957,72,0.27940000000000104,5.0
958,952,0.18288000000000001,5.0
958,960,0.36576000000000003,5.0
958,71,0.253999999999999,5.0
959,906,0.1524,5.0
959,949,0.1524,5.0
959,960,0.15675428571428443,5.0
959,70,0.253999999999999,5.0
960,910,0.07837714285714373,5.0
960,958,0.36576000000000003,5.0
960,70,0.253999999999999,5.0
961,858,0.0992777142857156,5.0
961,963,0.2821577142857156,5.0
961,964,0.20848320000000004,5.0
961,33,0.33019999999998983,5.0
962,786,0.4180114285714373,5.0
962,856,0.19333028571428443,5.0
962,974,0.09347200000000101,5.0
962,34,0.27940000000000104,5.0
963,860,0.09405257142857187,5.0
963,961,0.2821577142857156,5.0
963,965,0.296671999999999,5.0
963,33,0.33019999999998983,5.0
964,859,0.09753600000000001,5.0
964,961,0.20848320000000004,5.0
964,965,0.12192000000000001,5.0
964,969,0.0438912,5.0
964,34,0.27940000000000104,5.0
965,867,0.20320000000000102,5.0
965,963,0.296671999999999,5.0
965,964,0.12192000000000001,5.0
965,970,0.08940799999999899,5.0
966,971,0.073152,5.0
966,973,0.11704320000000001,5.0
966,974,0.04063999999999899,5.0
966,35,0.22860000000000003,5.0
967,970,0.17068800000000003,5.0
967,971,0.10159999999999898,5.0
967,978,0.11704320000000001,5.0
967,34,0.27940000000000104,5.0
968,859,0.10450285714285627,5.0
968,969,0.052251428571428137,5.0
969,964,0.0438912,5.0
969,966,0.18288000000000001,5.0
970,867,0.15675428571428443,5.0
970,965,0.08940799999999899,5.0
970,967,0.17068800000000003,5.0
971,966,0.073152,5.0
971,967,0.10159999999999898,5.0
972,759,0.08128000000000102,5.0
973,972,0.036576,5.0
973,976,0.07837714285714373,5.0
974,962,0.09347200000000101,5.0
974,966,0.04063999999999899,5.0
974,968,0.20900571428571563,5.0
975,972,0.07837714285714373,5.0
975,976,0.036576,5.0
976,971,0.109728,5.0
976,978,0.15675428571428443,5.0
977,760,0.0621792,5.0
977,975,0.15675428571428443,5.0
978,864,0.07837714285714373,5.0
978,977,0.036576,5.0
979,257,0.20900571428571563,5.0
979,263,0.3684895522388069,5.0
979,987,0.20900571428571563,5.0
979,992,0.15675428571428443,5.0
979,54,0.253999999999999,5.0
979,55,0.193039999999999,5.0
980,889,0.20900571428571563,5.0
980,986,0.1672045714285719,5.0
980,992,0.36576000000000003,5.0
980,1002,0.21336,5.0
980,1003,0.09144000000000001,5.0
981,991,0.1524,5.0
981,995,0.27432,5.0
981,1004,0.6400800000000001,5.0
982,984,0.402336,5.0
982,985,0.18288000000000001,5.0
982,991,0.12192000000000001,5.0
982,69,0.17779999999999901,5.0
983,950,0.23164800000000002,5.0
983,986,0.30305828571428445,5.0
983,1004,0.54864,5.0
983,70,0.253999999999999,5.0
984,982,0.402336,5.0
984,988,0.3417454545454481,5.0
985,950,0.18288000000000001,5.0
985,952,0.0992777142857156,5.0
985,69,0.17779999999999901,5.0
985,71,0.253999999999999,5.0
986,980,0.1672045714285719,5.0
986,983,0.30305828571428445,5.0
986,1004,0.36576000000000003,5.0
986,59,0.1524,5.0
986,68,0.28956,5.0
987,979,0.20900571428571563,5.0
987,992,0.18288000000000001,5.0
987,993,0.26125714285714374,5.0
987,1003,0.39624000000000004,5.0
988,989,0.20471641791044895,5.0
988,996,0.27432,5.0
988,997,0.27295522388059656,5.0
989,988,0.20471641791044895,5.0
990,950,0.06096000000000001,5.0
990,984,0.18472727272727393,5.0
991,981,0.1524,5.0
991,982,0.12192000000000001,5.0
991,996,0.3048,5.0
992,979,0.15675428571428443,5.0
992,980,0.36576000000000003,5.0
992,987,0.18288000000000001,5.0
992,57,0.16255999999999898,5.0
993,987,0.26125714285714374,5.0
993,994,0.36576000000000003,5.0
993,1000,0.10450285714285627,5.0
993,1003,0.27432,5.0
994,993,0.36576000000000003,5.0
994,67,0.253999999999999,5.0
995,981,0.27432,5.0
995,67,0.253999999999999,5.0
995,1000,0.23513142857142816,5.0
995,1001,0.21336,5.0
996,907,0.04063999999999899,5.0
996,991,0.3048,5.0
996,67,0.253999999999999,5.0
997,999,0.15012537313432964,5.0
998,989,0.3275462686567037,5.0
998,66,0.17779999999999901,5.0
999,94,0.253999999999999,5.0
999,95,0.253999999999999,5.0
999,97,0.253999999999999,5.0
999,110,0.253999999999999,5.0
999,998,0.08188656716417897,5.0
1000,993,0.10450285714285627,5.0
1000,995,0.23513142857142816,5.0
1000,1002,0.3048,5.0
1001,995,0.21336,5.0
1001,1002,0.1524,5.0
1001,1004,0.32004000000000005,5.0
1002,980,0.21336,5.0
1002,68,0.28956,5.0
1002,1000,0.3048,5.0
1002,1001,0.1524,5.0
1003,980,0.09144000000000001,5.0
1003,987,0.39624000000000004,5.0
1003,993,0.27432,5.0
1003,57,0.16255999999999898,5.0
1003,68,0.28956,5.0
1004,981,0.6400800000000001,5.0
1004,983,0.54864,5.0
1004,986,0.36576000000000003,5.0
1004,1001,0.32004000000000005,5.0
1005,91,0.253999999999999,5.0
1005,92,0.253999999999999,5.0
1005,93,0.253999999999999,5.0
1005,96,0.253999999999999,5.0
1005,99,0.253999999999999,5.0
1005,928,0.2403565714285719,5.0
1005,955,0.42672,5.0
1006,941,0.2586181818181823,5.0
1007,92,0.253999999999999,5.0
1007,93,0.253999999999999,5.0
1007,96,0.253999999999999,5.0
1007,99,0.253999999999999,5.0
1007,100,0.253999999999999,5.0
1007,1006,0.07389090909090835,5.0
1009,98,0.253999999999999,5.0
1009,102,0.253999999999999,5.0
1009,248,0.7369791044776138,5.0
1009,250,1.3647761194029828,5.0
1010,91,0.253999999999999,5.0
1010,951,0.13062857142857187,5.0
1011,959,0.36576000000000003,5.0
1011,1012,0.036576,5.0
1012,904,0.036576,5.0
1013,630,0.22351999999999897,5.0
1013,925,0.146304,5.0
1013,926,0.16255999999999898,5.0
1013,947,0.353568,5.0
1014,448,0.11495314285714374,5.0
1014,1015,0.0987552,5.0
1015,825,0.21423085714285628,5.0
1015,1016,0.0987552,5.0
1016,336,0.08128000000000102,5.0
1016,824,0.16255999999999898,5.0
1016,1017,0.051206400000000006,5.0
1017,836,0.17068800000000003,5.0
1018,259,0.24384000000000003,5.0
1018,645,0.08128000000000102,5.0
1018,1019,0.06096000000000001,5.0
1019,635,0.08128000000000102,5.0
1019,740,0.16255999999999898,5.0
1019,873,0.20320000000000102,5.0
1019,1018,0.06096000000000001,5.0
1020,74,0.253999999999999,5.0
1020,304,0.6096,5.0
1020,306,0.3048,5.0
